# Name,   Type, SubType, Offset,  Size, Flags
# 16MB flash layout for AI pet:
# - Dual OTA app slots (~2MB each) for firmware growth
# - storage SPIFFS for CJK fonts / pet assets
# - model SPIFFS reserved for optional offline assets
nvs,      data, nvs,     0x9000,  0x6000,
phy_init, data, phy,     0xf000,  0x1000,
otadata,  data, ota,     0x10000, 0x2000,
ota_0,    app,  ota_0,   0x20000, 0x200000,
ota_1,    app,  ota_1,   0x220000,0x200000,
storage,  data, spiffs,  0x420000,0x280000,
model,    data, spiffs,  0x6A0000,0x160000,
